INSERT INTO injury(injury_name)
VALUES ('внутренние повреждения'),('внешние повреждения'),('отсутсвуют повреждения');

INSERT INTO "users"(login,password,role)
VALUES ('cookie','bbf4aba56ecacb17e8d31d54b5c50fc955f25e0a',true),
       ('test','7c4a8d09ca3762af61e59520943dc26494f8941b',false);

INSERT INTO "clients"(first_name,second_name,middle_name,address,phone_number,id_user)
VALUES ('dima','alekseev','andreevich','saratov','89170291265',1),
       ('Mikki','Rurg','John','New York','+345612',2);

-- Generate test data for body_type table
INSERT INTO body_type (id_body_type, body_type_name)
VALUES (1, 'Sedan'),
       (2, 'SUV'),
       (3, 'Hatchback'),
       (4, 'Convertible'),
       (5, 'Truck'),
       (6, 'Coupe'),
       (7, 'Minivan'),
       (8, 'Crossover'),
       (9, 'Van'),
       (10, 'Station Wagon'),
       (11, 'Pickup Truck'),
       (12, 'Sports Car'),
       (13, 'Electric Car'),
       (14, 'Luxury Car'),
       (15, 'Compact Car'),
       (16, 'Midsize Car'),
       (17, 'Full-size Car'),
       (18, 'Compact SUV'),
       (19, 'Midsize SUV'),
       (20, 'Full-size SUV'),
       (21, 'Crew Cab Truck'),
       (22, 'Extended Cab Truck'),
       (23, 'Super Cab Truck'),
       (24, 'Cargo Van'),
       (25, 'Passenger Van'),
       (26, 'Mini-Van'),
       (27, 'Coupe SUV'),
       (28, 'Convertible SUV'),
       (29, 'Luxury SUV'),
       (30, 'Electric SUV'),
       (31, 'Compact Crossover'),
       (32, 'Midsize Crossover'),
       (33, 'Full-size Crossover'),
       (34, 'Roadster'),
       (35, 'Luxury Sports Car'),
       (36, 'Luxury Electric Car'),
       (37, 'Subcompact Car'),
       (38, 'Compact Electric Car'),
       (39, 'Midsize Electric Car'),
       (40, 'Full-size Electric Car'),
       (41, 'Luxury Electric SUV'),
       (42, 'Compact Hybrid Car'),
       (43, 'Midsize Hybrid Car'),
       (44, 'Full-size Hybrid Car'),
       (45, 'Compact Hybrid SUV'),
       (46, 'Midsize Hybrid SUV'),
       (47, 'Full-size Hybrid SUV'),
       (48, 'Luxury Hybrid Car'),
       (49, 'Luxury Hybrid SUV'),
       (50, 'Mini SUV'),
       (51, 'Micro Car'),
       (52, 'Compact Pickup Truck'),
       (53, 'Midsize Pickup Truck'),
       (54, 'Full-size Pickup Truck'),
       (55, 'Compact Van'),
       (56, 'Midsize Van'),
       (57, 'Full-size Van'),
       (58, 'Convertible Sports Car'),
       (59, 'Crew Cab Pickup Truck'),
       (60, 'Extended Cab Pickup Truck'),
       (61, 'Super Cab Pickup Truck'),
       (62, 'Two-door SUV'),
       (63, 'Luxury Pickup Truck'),
       (64, 'Luxury Two-door Car'),
       (65, 'Luxury Four-door Car'),
       (66, 'Luxury Convertible Car'),
       (67, 'Luxury Coupe SUV'),
       (68, 'Luxury Convertible SUV'),
       (69, 'Luxury Roadster'),
       (70, 'Luxury Micro Car'),
       (71, 'Luxury Two-door SUV'),
       (72, 'Luxury Four-door SUV'),
       (73, 'Luxury Midsize SUV'),
       (74, 'Luxury Full-size SUV'),
       (75, 'Luxury Crew Cab Pickup Truck'),
       (76, 'Luxury Extended Cab Pickup Truck'),
       (77, 'Luxury Super Cab Pickup Truck'),
       (78, 'Luxury Mini-Van'),
       (79, 'Luxury Micro Van'),
       (80, 'Luxury Convertible Sports Car'),
       (81, 'Luxury Crew Cab Truck'),
       (82, 'Luxury Extended Cab Truck'),
       (83, 'Luxury Super Cab Truck'),
       (84, 'Luxury Crossover SUV'),
       (85, 'Luxury Two-door Electric Car'),
       (86, 'Luxury Four-door Electric Car'),
       (87, 'Luxury Compact Electric SUV'),
       (88, 'Luxury Midsize Electric SUV'),
       (89, 'Luxury Full-size Electric SUV'),
       (90, 'Luxury Compact Hybrid Car'),
       (91, 'Luxury Midsize Hybrid Car'),
       (92, 'Luxury Full-size Hybrid Car'),
       (93, 'Luxury Compact Hybrid SUV'),
       (94, 'Luxury Midsize Hybrid SUV'),
       (95, 'Luxury Full-size Hybrid SUV'),
       (96, 'Luxury Mini SUV'),
       (97, 'Luxury Micro Car'),
       (98, 'Luxury Compact Pickup Truck'),
       (99, 'Luxury Midsize Pickup Truck'),
       (100, 'Luxury Full-size Pickup Truck');

-- Generate SQL insert scripts for 'country' table
INSERT INTO country (country_name) 
VALUES ('Japan'),
       ('Germany'),
       ('USA'),
       ('South Korea'),
       ('Sweden'),
       ('United Kingdom'),
       ('Italy'),
       ('France'),
       ('Russia'),
       ('Serbia'),
       ('Romania'),
       ('China'),
       ('Spain'),
       ('Netherlands'),
       ('Croatia'),
       ('Malaysia'),
       ('Canada'),
       ('Mexico');

-- Generate SQL insert script for 'mark' table
INSERT INTO mark (id_mark, mark_name, id_country) 
VALUES (1, 'Toyota', 1),
       (2, 'Honda', 1),
       (3, 'BMW', 2),
       (4, 'Ford', 3),
       (5, 'Chevrolet', 3),
       (6, 'Mercedes-Benz', 2),
       (7, 'Volkswagen', 4),
       (8, 'Audi', 2),
       (9, 'Nissan', 1),
       (10, 'Hyundai', 5),
       (11, 'Subaru', 1),
       (12, 'Mazda', 1),
       (13, 'Kia', 5),
       (14, 'Volvo', 6),
       (15, 'Porsche', 7),
       (16, 'Ferrari', 8),
       (17, 'Lamborghini', 8),
       (18, 'Tesla', 9),
       (19, 'Jaguar', 10),
       (20, 'Land Rover', 10),
       (21, 'Chrysler', 11),
       (22, 'Dodge', 11),
       (23, 'Jeep', 11),
       (24, 'GMC', 3),
       (25, 'Lincoln', 3),
       (26, 'Cadillac', 3),
       (27, 'Buick', 3),
       (28, 'Acura', 1),
       (29, 'Infiniti', 1),
       (30, 'Lexus', 1),
       (31, 'Aston Martin', 8),
       (32, 'Rolls-Royce', 11),
       (33, 'Maserati', 8),
       (34, 'Alfa Romeo', 7),
       (35, 'McLaren', 8),
       (36, 'Bentley', 7),
       (37, 'Mini', 2),
       (38, 'Bugatti', 8),
       (39, 'Fiat', 7),
       (40, 'Lotus', 10),
       (41, 'Abarth', 7),
       (42, 'Hummer', 11),
       (43, 'Daihatsu', 1),
       (44, 'Genesis', 5),
       (45, 'Lada', 4),
       (46, 'Geely', 12),
       (47, 'Maybach', 2),
       (48, 'BYD', 12),
       (49, 'Haval', 12),
       (50, 'Dacia', 13),
       (51, 'SsangYong', 5),
       (52, 'Opel', 6),
       (53, 'Saab', 14),
       (54, 'Smart', 2),
       (55, 'Chery', 12),
       (56, 'Great Wall', 12),
       (57, 'Plymouth', 3),
       (58, 'Saturn', 3),
       (59, 'Oldsmobile', 3),
       (60, 'Pontiac', 3),
       (61, 'Isuzu', 1),
       (62, 'Suzuki', 1),
       (63, 'Scion', 1),
       (64, 'Citroen', 15),
       (65, 'Renault', 16),
       (66, 'Peugeot', 17),
       (67, 'Skoda', 18),
       (68, 'SEAT', 19),
       (69, 'Vauxhall', 6),
       (70, 'Koenigsegg', 8),
       (71, 'Spyker', 8),
       (72, 'Vector', 20),
       (73, 'Wiesmann', 21),
       (74, 'AMC', 3),
       (75, 'Eagle', 3),
       (76, 'Geo', 3),
       (77, 'Aixam', 22),
       (78, 'KTM', 23),
       (79, 'Ruf', 24),
       (80, 'Ligier', 25),
       (81, 'McLaren', 8),
       (82, 'Datsun', 1),
       (83, 'De Tomaso', 26),
       (84, 'Hennessey', 27),
       (85, 'Rimac', 28),
       (86, 'Lucid Motors', 29),
       (87, 'Ariel', 30),
       (88, 'Arrinera', 31),
       (89, 'BAC', 32),
       (90, 'Bristol', 33),
       (91, 'Caterham', 34),
       (92, 'Singer', 35),
       (93, 'TVR', 36),
       (94, 'Venturi', 37),
       (95, 'Zenvo', 38),
       (96, 'Spyker', 8),
       (97, 'Zenos', 39),
       (98, 'Zarooq Motors', 40),
       (99, 'Vuhl', 41),
       (100, 'Polaris', 42);

-- Generate SQL insert script for 'model' table with 'id_mark' and 'id_body_type' columns
INSERT INTO model (id_model, model_name, id_mark, id_body_type) 
VALUES (1, 'Camry', 1, 1),
       (2, 'Corolla', 1, 1),
       (3, 'Accord', 2, 1),
       (4, 'Civic', 2, 1),
       (5, '3 Series', 3, 2),
       (6, '5 Series', 3, 2),
       (7, 'F-150', 4, 4),
       (8, 'Mustang', 4, 3),
       (9, 'Camaro', 5, 3),
       (10, 'Silverado', 5, 4),
       (11, 'E-Class', 6, 2),
       (12, 'S-Class', 6, 2),
       (13, 'Golf', 7, 2),
       (14, 'Passat', 7, 2),
       (15, 'A4', 8, 2),
       (16, 'Q5', 8, 2),
       (17, 'Rogue', 9, 1),
       (18, 'Sentra', 9, 1),
       (19, 'Sonata', 10, 1),
       (20, 'Santa Fe', 10, 1),
       (21, 'Outback', 11, 1),
       (22, 'Legacy', 11, 1),
       (23, 'Impreza', 11, 1),
       (24, 'BRZ', 11, 1),
       (25, 'Forester', 11, 1),
       (26, 'Mazda3', 12, 1),
       (27, 'Mazda6', 12, 1),
       (28, 'CX-5', 12, 1),
       (29, 'CX-9', 12, 1),
       (30, 'CX-3', 12, 1),
       (31, 'MX-5 Miata', 12, 1),
       (32, 'Optima', 13, 1),
       (33, 'Sorento', 13, 1),
       (34, 'Sportage', 13, 1),
       (35, 'Stinger', 13, 1),
       (36, 'Niro', 13, 1),
       (37, 'Forte', 13, 1),
       (38, 'V40', 14, 2),
       (39, 'XC60', 14, 2),
       (40, 'XC40', 14, 2),
       (41, 'V90', 14, 2),
       (42, 'V60', 14, 2),
       (43, 'Panamera', 15, 2),
       (44, 'Cayenne', 15, 2),
       (45, 'Macan', 15, 2),
       (46, '911', 15, 3),
       (47, 'Taycan', 15, 3),
       (48, 'Boxster', 15, 3),
       (49, 'Cayman', 15, 3),
       (50, 'Golf', 7, 2),
       (51, 'Passat', 7, 2),
       (52, 'Arteon', 7, 2),
       (53, 'Tiguan', 7, 2),
       (54, 'Atlas', 7, 2),
       (55, 'Jetta', 7, 2),
       (56, 'A4', 8, 2),
       (57, 'Q5', 8, 2),
       (58, 'A6', 8, 2),
       (59, 'Q7', 8, 2),
       (60, 'Q3', 8, 2),
       (61, 'Rogue', 9, 1),
       (62, 'Altima', 9, 1),
       (63, 'Sentra', 9, 1),
       (64, 'Versa', 9, 1),
       (65, 'Armada', 9, 1),
       (66, 'Maxima', 9, 1),
       (67, 'Pathfinder', 9, 1),
       (68, 'Frontier', 9, 1),
       (69, 'Leaf', 9, 1),
       (70, 'Titan', 9, 1),
       (71, 'Kicks', 9, 1),
       (72, 'Murano', 9, 1),
       (73, 'Rogue Sport', 9, 1),
       (74, '370Z', 9, 1),
       (75, 'GT-R', 9, 1),
       (76, 'Versa Note', 9, 1),
       (77, 'Titan XD', 9, 1),
       (78, '911', 15, 3),
       (79, 'Taycan', 15, 3),
       (80, 'Cayman', 15, 3),
       (81, 'Panamera', 15, 3),
       (82, 'Macan', 15, 3),
       (83, 'XV Crosstrek', 11, 1),
       (84, 'Forester', 11, 1),
       (85, 'Mazda3', 12, 1),
       (86, 'Mazda6', 12, 1),
       (87, 'Optima', 13, 1),
       (88, 'Sorento', 13, 1),
       (89, 'V40', 14, 2),
       (90, 'XC60', 14, 2),
       (91, 'Panamera', 15, 2),
       (92, 'Cayenne', 15, 2),
       (93, '458 Italia', 16, 3),
       (94, 'California', 16, 3),
       (95, 'Aventador', 17, 3),
       (96, 'Huracan', 17, 3),
       (97, 'Model S', 18, 5),
       (98, 'Model 3', 18, 5),
       (99, 'F-Type', 19, 1),
       (100, 'XE', 19, 1);

-- Generate SQL insert script for 'car' table with 'id', 'model_year', 'id_model', 'info', 'image', 'cost' columns
INSERT INTO car (id, model_year, id_model, info, image, cost) 
VALUES (1, '2020-01-01', 1, 'Toyota Camry 2020', 1, 25000),
       (2, '2021-01-01', 1, 'Toyota Camry 2021', 2, 26000),
       (3, '2022-01-01', 1, 'Toyota Camry 2022', 3, 27000),
       (4, '2020-01-01', 2, 'Toyota Corolla 2020', 4, 22000),
       (5, '2021-01-01', 2, 'Toyota Corolla 2021', 5, 23000),
       (6, '2022-01-01', 2, 'Toyota Corolla 2022', 6, 24000),
       (7, '2020-01-01', 3, 'Honda Accord 2020', 7, 28000),
       (8, '2021-01-01', 3, 'Honda Accord 2021', 8, 29000),
       (9, '2022-01-01', 3, 'Honda Accord 2022', 9, 30000),
       (10, '2020-01-01', 4, 'Honda Civic 2020', 10, 25000),
       (11, '2021-01-01', 4, 'Honda Civic 2021', 11, 26000),
       (12, '2022-01-01', 4, 'Honda Civic 2022', 12, 27000),
       (13, '2020-01-01', 5, 'Ford Mustang 2020', 13, 40000),
       (14, '2021-01-01', 5, 'Ford Mustang 2021', 14, 41000),
       (15, '2022-01-01', 5, 'Ford Mustang 2022', 15, 42000),
       (16, '2020-01-01', 6, 'Chevrolet Camaro 2020', 16, 35000),
       (17, '2021-01-01', 6, 'Chevrolet Camaro 2021', 17, 36000),
       (18, '2022-01-01', 6, 'Chevrolet Camaro 2022', 18, 37000),
       (19, '2020-01-01', 7, 'Nissan Altima 2020', 19, 27000),
       (20, '2021-01-01', 7, 'Nissan Altima 2021', 20, 28000),
       (21, '2022-01-01', 7, 'Nissan Altima 2022', 21, 29000),
       (22, '2020-01-01', 8, 'Volkswagen Golf 2020', 22, 30000),
       (23, '2021-01-01', 8, 'Volkswagen Golf 2021', 23, 31000),
       (24, '2022-01-01', 8, 'Volkswagen Golf 2022', 24, 32000),
       (25, '2020-01-01', 9, 'BMW 3 Series 2020', 25, 40000),
       (26, '2021-01-01', 9, 'BMW 3 Series 2021', 26, 41000),
       (27, '2022-01-01', 9, 'BMW 3 Series 2022', 27, 42000),
       (28, '2020-01-01', 10, 'Mercedes-Benz C-Class 2020', 28, 38000),
       (29, '2021-01-01', 10, 'Mercedes-Benz C-Class 2021', 29, 39000),
       (30, '2022-01-01', 10, 'Mercedes-Benz C-Class 2022', 30, 40000),
       (31, '2020-01-01', 11, 'Acura TLX 2020', 31, 30000),
       (32, '2021-01-01', 11, 'Acura TLX 2021', 32, 31000),
       (33, '2022-01-01', 11, 'Acura TLX 2022', 33, 32000),
       (34, '2020-01-01', 12, 'Lexus ES 2020', 34, 35000),
       (35, '2021-01-01', 12, 'Lexus ES 2021', 35, 36000),
       (36, '2022-01-01', 12, 'Lexus ES 2022', 36, 37000),
       (37, '2020-01-01', 13, 'Tesla Model S 2020', 37, 80000),
       (38, '2021-01-01', 13, 'Tesla Model S 2021', 38, 81000),
       (39, '2022-01-01', 13, 'Tesla Model S 2022', 39, 82000),
       (40, '2020-01-01', 14, 'Volkswagen Jetta 2020', 40, 24000),
       (41, '2021-01-01', 14, 'Volkswagen Jetta 2021', 41, 25000),
       (42, '2022-01-01', 14, 'Volkswagen Jetta 2022', 42, 26000),
       (43, '2020-01-01', 15, 'Audi Q5 2020', 43, 38000),
       (44, '2021-01-01', 15, 'Audi Q5 2021', 44, 39000),
       (45, '2022-01-01', 15, 'Audi Q5 2022', 45, 40000),
       (46, '2020-01-01', 16, 'Chevrolet Tahoe 2020', 46, 45000),
       (47, '2021-01-01', 16, 'Chevrolet Tahoe 2021', 47, 46000),
       (48, '2022-01-01', 16, 'Chevrolet Tahoe 2022', 48, 47000),
       (49, '2020-01-01', 17, 'Nissan Rogue 2020', 49, 30000),
       (50, '2021-01-01', 17, 'Nissan Rogue 2021', 50, 31000),
       (51, '2022-01-01', 17, 'Nissan Rogue 2022', 51, 32000),
       (52, '2020-01-01', 18, 'BMW X5 2020', 52, 50000),
       (53, '2021-01-01', 18, 'BMW X5 2021', 53, 51000),
       (54, '2022-01-01', 18, 'BMW X5 2022', 54, 52000),
       (55, '2020-01-01', 19, 'Mercedes-Benz E-Class 2020', 55, 48000),
       (56, '2021-01-01', 19, 'Mercedes-Benz E-Class 2021', 56, 49000),
       (57, '2022-01-01', 19, 'Mercedes-Benz E-Class 2022', 57, 50000),
       (58, '2020-01-01', 20, 'Acura RDX 2020', 58, 35000),
       (59, '2021-01-01', 20, 'Acura RDX 2021', 59, 36000),
       (60, '2022-01-01', 20, 'Acura RDX 2022', 60, 37000),
       (61, '2020-01-01', 21, 'Lexus RX 2020', 61, 38000),
       (62, '2021-01-01', 21, 'Lexus RX 2021', 62, 39000),
       (63, '2022-01-01', 21, 'Lexus RX 2022', 63, 40000),
       (64, '2020-01-01', 22, 'Tesla Model 3 2020', 64, 42000),
       (65, '2021-01-01', 22, 'Tesla Model 3 2021', 65, 43000),
       (66, '2022-01-01', 22, 'Tesla Model 3 2022', 66, 44000),
       (67, '2020-01-01', 23, 'Volkswagen Tiguan 2020', 67, 32000),
       (68, '2021-01-01', 23, 'Volkswagen Tiguan 2021', 68, 33000),
       (69, '2022-01-01', 23, 'Volkswagen Tiguan 2022', 69, 34000),
       (70, '2020-01-01', 24, 'Audi Q7 2020', 70, 46000),
       (71, '2021-01-01', 24, 'Audi Q7 2021', 71, 47000),
       (72, '2022-01-01', 24, 'Audi Q7 2022', 72, 48000),
       (73, '2020-01-01', 25, 'Chevrolet Silverado 2020', 73, 42000),
       (74, '2021-01-01', 25, 'Chevrolet Silverado 2021', 74, 43000),
       (75, '2022-01-01', 25, 'Chevrolet Silverado 2022', 75, 44000),
       (76, '2020-01-01', 26, 'Nissan Sentra 2020', 76, 23000),
       (77, '2021-01-01', 26, 'Nissan Sentra 2021', 77, 24000),
       (78, '2022-01-01', 26, 'Nissan Sentra 2022', 78, 25000),
       (79, '2020-01-01', 27, 'BMW 5 Series 2020', 79, 51000),
       (80, '2021-01-01', 27, 'BMW 5 Series 2021', 80, 52000),
       (81, '2020-01-01', 28, 'Mercedes-Benz S-Class 2020', 81, 70000),
       (82, '2021-01-01', 28, 'Mercedes-Benz S-Class 2021', 82, 71000),
       (83, '2022-01-01', 28, 'Mercedes-Benz S-Class 2022', 83, 72000),
       (84, '2020-01-01', 29, 'Acura MDX 2020', 84, 42000),
       (85, '2021-01-01', 29, 'Acura MDX 2021', 85, 43000),
       (86, '2022-01-01', 29, 'Acura MDX 2022', 86, 44000),
       (87, '2020-01-01', 30, 'Lexus ES 2020', 87, 40000),
       (88, '2021-01-01', 30, 'Lexus ES 2021', 88, 41000),
       (89, '2022-01-01', 30, 'Lexus ES 2022', 89, 42000),
       (90, '2020-01-01', 31, 'Toyota Camry 2020', 90, 32000),
       (91, '2021-01-01', 31, 'Toyota Camry 2021', 91, 33000),
       (92, '2022-01-01', 31, 'Toyota Camry 2022', 92, 34000),
       (93, '2020-01-01', 32, 'Honda Civic 2020', 93, 22000),
       (94, '2021-01-01', 32, 'Honda Civic 2021', 94, 23000),
       (95, '2022-01-01', 32, 'Honda Civic 2022', 95, 24000),
       (96, '2020-01-01', 33, 'Mazda CX-5 2020', 96, 28000),
       (97, '2020-01-01', 14, 'Volkswagen Passat 2020', 97, 35000),
       (98, '2021-01-01', 14, 'Volkswagen Passat 2021', 98, 36000),
       (99, '2022-01-01', 14, 'Volkswagen Passat 2022', 99, 37000),
       (100, '2020-01-01', 15, 'Audi A4 2020', 100, 45000);

INSERT INTO rent(id_client,id_car,start_date,plan_date,end_date) 
VALUES (1,5,'1955-04-02','1955-06-04','1955-06-04'),(1,8,'2003-05-04','2003-09-01','2003-07-23'),
       (1,7,'2017-02-01','2017-03-15',null),(2,9,'2017-02-20','2017-03-02','2017-03-02'),
       (2,1,'2017-03-01','2017-04-15',null);

INSERT INTO "resulting_injury"(id_rent,id_injury) VALUES (1,1),(2,3),(3,2);